{
    "ZernikeControl": {
        "all": 1,
        "exclude": [
            1,
            2,
            3,
            4
        ],
        "flat_on": 1,
        "flipx": 0,
        "flipy": 0,
        "include": [],
        "max": 6,
        "min": 5,
        "rotate": 0.0,
        "u": [
            0.5326648183575091,
            0.14190825221803224,
            0.017494242840256732,
            -0.05142485177177028,
            -0.09745769729805415,
            0.2211454764608731,
            -0.10279395880634533,
            0.08086525790408916,
            -0.17444068367223503,
            -0.0655040100844929,
            -0.30938816512369305,
            0.06353925129982418,
            0.31904062326505056,
            -0.6780963962592788,
            -0.24159100018148277,
            1.0,
            1.0,
            1.0,
            0.4633866802072912,
            -0.10243483440911008,
            -0.007007584338201603,
            -0.5653749064625718,
            -0.09485117848961716,
            -0.2789898187052142,
            -1.0,
            -1.0,
            0.24674165283933885,
            1.0,
            1.0,
            1.0,
            1.0,
            0.6234843984702546,
            0.22042357143782015,
            -0.015141483824658047,
            0.23159056014024798,
            -0.5663826353242543,
            -1.0,
            -0.2871515761297074,
            0.2933113745967121,
            0.8369971358489657,
            1.0,
            0.9875042407970528,
            0.781875102271479,
            0.1892013976209353,
            -0.2575209992229285,
            -0.268533594777448,
            -0.3455508556176672,
            -0.285303319233484,
            -0.0006449542470304548,
            0.11540179020023451,
            0.24139799141433543,
            0.4572970121571719,
            0.4497465125694166,
            0.3768881801263796,
            0.2628440304524073,
            -0.056144893097674314,
            -0.7979471658361678,
            -0.06227374119070393,
            0.416619725174494,
            1.0,
            0.781084723827906,
            0.3390900161777543,
            0.12131965252945898,
            0.018207342514294955,
            -0.04711882432199499,
            -0.10904369079245022,
            -0.06389990132971471,
            -0.027581480469401842,
            -0.3249254358719428,
            -0.36609851318279774,
            -0.13789118711024187,
            1.0,
            1.0,
            0.4867219906681857,
            -0.06567024882214417,
            -0.3330429281145008,
            -0.4490125591853811,
            -0.41830043570305014,
            -0.06848060228944594,
            0.26709093849820137,
            0.44961724446841556,
            0.1831897279201174,
            0.5578533723267078,
            1.0,
            1.0,
            0.551313569703299,
            -0.22524824540756416,
            -0.6172905218551796,
            -0.711602474994439,
            -0.4301355351531885,
            0.20356131729208546,
            0.9439740880699485,
            1.0,
            0.5497700921126139,
            -0.1479143713122467,
            1.0,
            1.0,
            0.5485950208533723,
            -0.3670869786074408,
            -0.7558630988647697,
            -0.6763715414292096,
            -0.2690822668038461,
            0.7253767908004141,
            1.0,
            0.37485862151487814,
            0.007748836546688821,
            -0.09215940570989647,
            0.01419021119387641,
            1.0,
            0.811335303027187,
            -0.4158160128043616,
            -0.7000574670144766,
            -0.5211362606401664,
            0.3352678945555196,
            1.0,
            1.0,
            0.1775917325478315,
            0.17232845898559168,
            0.5021198389695454,
            0.0695002916654516,
            -0.07673404724365286,
            0.02954089025584783,
            -0.18024124134931796,
            -0.5119966415842159,
            0.1131938422181813,
            1.0,
            0.7987941198977693,
            -0.004583567016125167,
            0.35052763750639593,
            0.7207652942409433,
            -0.0914289971080971,
            0.31574883314188007,
            -0.3335138545110356,
            0.433549592013065,
            0.38299724170523575,
            -0.1784628914688149,
            -0.3167591932868733,
            -0.400923475188221,
            -0.2110051568469375,
            -0.09021127718884196
        ],