{
    "ZernikeControl": {
        "all": 1,
        "exclude": [
            1,
            2,
            3,
            4
        ],
        "flat_on": 1,
        "flipx": 0,
        "flipy": 0,
        "include": [],
        "max": 6,
        "min": 5,
        "rotate": 0.0,
        "u": [
            0.009143488468316358,
            -0.09772326044289627,
            0.042690200783962115,
            0.018741377475778247,
            0.016762880235901764,
            -0.032006562757692564,
            0.12465947649967701,
            0.03687161925172738,
            0.03776231474564367,
            -0.20319416939134272,
            0.02537607703900871,
            -0.041234909634624416,
            0.005069289168174222,
            -0.001183789118485018,
            0.023544517102168636,
            -0.031974811568522415,
            -0.11245673178499956,
            0.02368296453037267,
            -0.07268308372424029,
            0.037596115480218545,
            -0.015271753248141232,
            0.015251973141542585,
            -0.05396899900633768,
            0.018640757447541734,
            -0.20912763790951122,
            0.03596758765056432,
            -0.02391306611998845,
            0.015146505481869606,
            0.0011790350258456834,
            -0.04968269130532692,
            0.07748418975327184,
            0.15232199931420481,
            0.04846500268720108,
            0.04745214587979287,
            0.07681997835917892,
            0.09343040920503182,
            0.09201009605798635,
            -0.02064558989634974,
            0.005521100852287396,
            0.020824190486559143,
            -0.015360971327564678,
            -0.0010539561082294566,
            -0.023451335663112593,
            0.014072367113949573,
            0.04151130432634783,
            0.020767520097026548,
            0.02586731582803355,
            0.05169920929025599,
            -0.021871952104890402,
            0.04735615851391058,
            -0.011121213638446845,
            -0.014323158139046109,
            0.011411417666846946,
            0.014443239199497214,
            -0.019303813092870617,
            -0.0036550253259509096,
            -0.023774161307119193,
            0.01747920846298407,
            0.09372045278456236,
            -0.016651244231312076,
            0.04104064727533661,
            -0.002156085574737816,
            0.016106301706681737,
            -0.01974226050918998,
            0.002749501591642783,
            -0.02281261504821778,
            0.005504402243766327,
            -0.012960759429707713,
            0.001328686290397424,
            0.009845133812751393,
            -0.08917485841887313,
            -0.007684118405590794,
            -0.01599396867476575,
            0.026005293236306366,
            -0.008243970854245096,
            -0.0063321282165792765,
            -0.005306471347793976,
            -0.0005786688536061953,
            0.015853749096656877,
            0.016158056902222766,
            0.002235354776220992,
            -0.004233257138022471,
            0.03700267425187472,
            -0.01904379203524622,
            -0.005330763681847046,
            -0.015992237865710423,
            -0.007620334680182272,
            0.0001681965332829185,
            0.00890906251487303,
            0.03975300736573467,
            -0.03281628576380584,
            0.0017888510767290894,
            0.04419140470296268,
            0.13303109958915418,
            -0.009987821007213597,
            -0.011023233844321786,
            -0.050071512193137005,
            -0.0063756789217827075,
            0.007088370207734596,
            -0.007350802939618636,
            -0.003771370957259746,
            -0.018127349571095443,
            0.02099514606068073,
            0.0433984379361996,
            0.05366809326865147,
            -0.07444307013937988,
            -0.04668998146478767,
            -0.07870087896034716,
            0.07901518811801927,
            0.005805580964788743,
            0.017237283480635416,
            -0.02044372857470443,
            -0.042399213209788844,
            0.0328671934329238,
            0.06045969257967257,
            -0.08641535556726788,
            0.04126493289322665,
            0.06294874121971192,
            0.03702016662592236,
            -0.062467937695149266,
            -0.06201722755628078,
            -0.0650754298268858,
            -0.20366050696519428,
            0.0550947857231505,
            0.015737747007614246,
            -0.07892011412633781,
            -0.15088109766238467,
            0.05747040599875572,
            -0.10163746232254081,
            0.10602220937344917,
            0.05799504769114702,
            0.024298384680381035,
            -0.04666362160210516,
            -0.0691154861101948,
            -0.10535168085607366,
            0.0950271418049781,
            0.020019783422232533,
            0.04588217196902743,
            -0.08407386029933199,
            -0.039440771061939925
        ],