{
    "ZernikeControl": {
        "all": 1,
        "exclude": [
            1,
            2,
            3,
            4
        ],
        "flat_on": 1,
        "flipx": 0,
        "flipy": 0,
        "include": [],
        "max": 6,
        "min": 5,
        "rotate": 0.0,
        "u": [
            -0.16552067385579652,
            -0.100513263724516,
            -0.07502217049781995,
            0.12463021065320311,
            0.0043386630882929714,
            0.012065936092889432,
            -0.0841787959820969,
            -0.02932265870077281,
            0.06910725406044257,
            0.03152504996501194,
            0.1331618758658209,
            0.0176935700896878,
            -0.10119551278611176,
            0.26556694585502516,
            0.4108671953284707,
            0.24960130219805293,
            0.1742960175049666,
            0.7034149072418797,
            0.2367691151788623,
            0.00969485146824741,
            -0.045032193788282854,
            0.19218402734385087,
            0.05915946778635012,
            0.10165624839080523,
            0.3577598580381451,
            0.3456039667229216,
            0.056775580349412005,
            -0.16622324323713736,
            -0.20726798229785076,
            -0.045702129176552,
            0.43969938882425785,
            0.8247434766325665,
            0.010954606787113276,
            -0.023206217985182624,
            -0.03582272159829164,
            0.02815741567883305,
            0.3140860073798245,
            0.13642406053655148,
            -0.05882676403622594,
            -0.26995836810470725,
            -0.35871026599957345,
            -0.2938815681967403,
            -0.04309237935346451,
            0.5530119292269886,
            0.5469682388960244,
            0.05431444090823778,
            0.0866424029198199,
            -0.015307293818696333,
            0.11626605051896899,
            0.0994150742232266,
            -0.011635466866082002,
            -0.2004786657816368,
            -0.34362935040959947,
            -0.34418794683824677,
            -0.2265415310993944,
            0.1292589778638544,
            0.9192041973364613,
            0.054008654508150115,
            -0.0864818093372994,
            -0.3609735147164218,
            0.0006799495296458194,
            0.1471692507307362,
            0.10974908028494573,
            -0.04442326348932168,
            -0.18129563817906202,
            -0.28090377382985254,
            -0.2398833228637662,
            -0.10096082392094709,
            0.47099130362964303,
            -0.03072750033125274,
            0.01924464030592451,
            -0.7014154131932986,
            -0.11750710542688296,
            0.16676270690726663,
            0.25816561413559946,
            0.1691113798570487,
            0.024388267237578816,
            -0.10035481013261742,
            -0.2027413171550993,
            -0.159463715667149,
            0.17467141638190936,
            -0.003809114360199258,
            -0.11631209481532961,
            -1.0,
            -0.32681713764572795,
            0.14930584924013024,
            0.33803285604962113,
            0.34739890996090284,
            0.21804706243281802,
            0.057845159436557,
            -0.11106695907701386,
            -0.20839036784236364,
            -0.1947779644837142,
            -0.06324193319277013,
            0.10838038570358453,
            -0.6621710766475628,
            -0.7661564215993457,
            -0.012222161197186394,
            0.3335003966470351,
            0.40321248385671726,
            0.327943568716716,
            0.16857569617975754,
            -0.06178061422776134,
            -0.37285352129647614,
            0.09256893880157419,
            -0.03532339756520997,
            0.023909153719039327,
            -0.07456241813206335,
            -0.9128137843084875,
            -0.4654478049231415,
            0.142715960769138,
            0.3174868645669595,
            0.3046342577050249,
            0.13979894721148484,
            -0.18032059253552302,
            -0.2686580604477944,
            -0.07230782789013836,
            -0.028071770909667906,
            -0.05410087791420505,
            -0.017320409436826126,
            -0.1005951515605841,
            -0.33018103803366594,
            -0.4491135487654023,
            0.011926468134281443,
            0.011804260594240334,
            -0.11958543488961992,
            -0.1749270818736154,
            0.05958508234077474,
            -0.03907173650077161,
            -0.1100589307879365,
            -0.09333185163142171,
            -0.011282045410386781,
            0.025101279010937075,
            -0.14558034151879,
            -0.06286178479598195,
            0.06563222336848104,
            0.09890480768708448,
            0.0973502431234246,
            0.020117468086402825,
            -0.0837996102434283
        ],